population_density,complaints_last_7d,weather_rain_mm,weather_temp_c,event_factor,historical_daily_avg,demand_score
10614.0,15.0,18.1,31.9,1.0,14.9,18.1
23866.0,26.0,7.1,31.2,1.1,25.9,27.7
18835.0,24.0,17.2,22.4,1.0,24.5,24.9
15769.0,16.0,2.9,31.7,1.0,41.0,19.3
5588.0,29.0,1.6,25.0,1.0,38.3,28.8
5587.0,15.0,8.0,26.2,1.8,24.2,17.5
3335.0,27.0,2.0,25.1,1.0,20.0,23.7
21922.0,23.0,1.8,23.6,1.0,19.2,23.7
15825.0,29.0,1.3,42.7,1.0,39.8,28.5
18285.0,17.0,0.7,38.0,1.8,7.3,13.8
2473.0,16.0,1.5,41.5,1.1,5.6,17.1
24307.0,12.0,2.2,22.7,1.0,40.8,17.5
21146.0,18.0,5.6,30.4,1.0,26.5,22.6
6883.0,11.0,0.3,22.2,1.0,10.9,10.2
6181.0,20.0,1.2,25.8,1.0,15.6,17.4
6218.0,17.0,8.3,24.5,1.0,47.0,23.7
8997.0,26.0,0.8,37.4,1.25,43.7,28.9
14069.0,16.0,2.1,27.6,1.0,36.9,20.2
11934.0,26.0,10.0,36.4,1.1,26.7,26.1
8698.0,26.0,0.8,33.6,1.0,28.4,22.4
16072.0,24.0,0.4,43.8,1.1,48.9,30.9
5208.0,20.0,3.3,21.1,1.1,48.5,24.9
8719.0,24.0,1.8,37.6,1.0,14.7,21.1
10426.0,19.0,4.1,36.9,1.0,41.5,21.2
12489.0,16.0,8.1,24.2,1.0,13.9,19.1
20059.0,18.0,0.7,36.0,1.0,14.6,19.6
6592.0,17.0,4.3,32.0,1.0,35.4,22.2
13827.0,9.0,3.5,28.6,1.0,23.2,11.9
15625.0,18.0,0.8,25.1,1.8,46.9,27.4
3068.0,24.0,4.9,25.7,1.0,9.0,23.3
15973.0,19.0,1.6,42.3,1.1,28.0,22.0
5922.0,29.0,3.3,30.0,1.0,46.3,28.9
3496.0,21.0,0.4,34.7,1.1,45.7,26.4
23824.0,29.0,3.1,25.3,1.0,12.0,27.3
24209.0,21.0,1.8,25.3,1.25,21.5,22.2
20593.0,16.0,8.6,36.5,1.0,32.9,23.7
9006.0,16.0,0.3,21.9,1.0,12.2,16.6
4246.0,24.0,2.7,27.5,1.0,48.6,25.0
17737.0,19.0,3.1,30.2,1.0,46.2,23.0
12123.0,23.0,6.5,30.7,1.0,12.5,22.3
4806.0,25.0,4.3,28.9,1.0,10.5,15.1
13389.0,16.0,5.5,32.4,1.0,8.8,14.6
2790.0,21.0,7.5,34.2,1.25,45.9,24.9
22914.0,13.0,9.9,34.4,1.0,13.7,14.4
7951.0,17.0,1.9,24.1,1.0,23.7,16.9
17238.0,22.0,3.9,28.3,1.1,25.2,22.1
9169.0,13.0,9.2,37.2,1.0,32.0,16.9
13961.0,18.0,22.8,35.4,1.0,8.2,16.4
14574.0,23.0,11.0,21.8,1.0,15.2,26.2
6251.0,12.0,2.3,32.1,1.5,46.9,27.2
24300.0,22.0,1.1,18.1,1.25,45.9,26.6
19828.0,25.0,3.4,30.3,1.25,40.2,32.7
23608.0,20.0,6.8,41.4,1.0,5.9,18.2
22581.0,25.0,3.4,24.3,1.1,19.7,24.3
15751.0,22.0,3.3,25.0,1.0,33.3,23.6
23203.0,17.0,9.1,34.6,1.0,17.4,17.5
4035.0,24.0,2.2,20.7,1.0,45.9,28.5
6507.0,23.0,9.8,26.2,1.0,33.5,24.8
3040.0,22.0,2.6,33.6,1.0,8.2,17.0
9482.0,15.0,2.0,26.2,1.0,45.9,18.1
10939.0,26.0,3.0,28.6,1.0,48.1,27.3
8241.0,25.0,7.2,34.5,1.0,8.5,17.9
21060.0,18.0,0.7,32.5,1.1,29.0,21.0
10205.0,15.0,1.1,31.6,1.0,18.7,12.9
8461.0,25.0,15.1,28.0,1.1,22.7,24.4
14482.0,22.0,1.0,32.2,1.0,13.1,22.3
5241.0,22.0,4.2,29.3,1.1,31.0,25.5
20450.0,24.0,4.3,32.7,1.0,48.1,28.8
3714.0,24.0,3.4,27.0,1.0,27.6,22.9
24698.0,32.0,5.2,28.9,1.0,8.7,30.5
19761.0,23.0,1.3,24.1,1.0,32.9,25.5
6570.0,17.0,4.0,29.8,1.1,20.3,16.7
2127.0,18.0,2.3,25.1,1.0,43.5,18.9
20755.0,23.0,5.4,23.3,1.0,24.6,24.1
18257.0,24.0,0.8,31.6,1.25,13.7,23.6
18767.0,20.0,4.2,31.3,1.0,13.6,17.6
19739.0,22.0,1.0,34.7,1.0,39.6,26.1
3703.0,19.0,1.6,27.4,1.0,17.0,16.5
10244.0,15.0,1.2,32.4,1.0,39.5,19.2
4664.0,23.0,1.0,33.3,1.0,14.3,14.8
21851.0,12.0,8.7,32.7,1.0,19.5,14.9
16335.0,22.0,1.7,25.0,1.8,25.9,28.2
9610.0,30.0,13.1,30.9,1.0,47.4,31.7
3461.0,19.0,17.5,32.2,1.0,46.9,25.4
9152.0,19.0,4.2,30.0,1.0,14.3,15.9
9479.0,19.0,0.8,17.5,1.25,21.1,20.2
18780.0,27.0,2.3,31.0,1.1,11.7,22.9
16663.0,16.0,8.0,43.3,1.0,27.9,18.5
22405.0,22.0,2.3,27.8,1.1,25.7,25.8
12860.0,26.0,0.5,25.6,1.0,45.5,30.2
4750.0,33.0,4.1,32.2,1.0,46.9,32.4
18404.0,24.0,9.3,31.9,1.0,22.3,25.0
19498.0,14.0,7.9,37.2,1.0,27.1,19.5
14909.0,28.0,1.0,22.5,1.0,45.3,31.3
19732.0,24.0,5.6,34.4,1.25,41.3,26.4
13357.0,14.0,1.2,33.5,1.0,5.2,14.4
14022.0,22.0,1.2,29.1,1.5,19.4,21.4
11833.0,16.0,10.4,32.0,1.0,24.0,17.7
2584.0,11.0,1.4,36.2,1.0,15.3,17.0
4481.0,17.0,1.5,35.2,1.0,14.0,16.4
2722.0,17.0,0.0,23.1,1.0,6.7,12.7
16637.0,18.0,10.2,34.9,1.0,34.0,18.0
9230.0,21.0,7.9,29.6,1.0,16.8,22.5
13697.0,24.0,4.9,30.4,1.0,7.4,17.3
22874.0,20.0,6.9,30.4,1.0,15.4,17.8
7733.0,14.0,0.8,29.1,1.1,41.1,18.9
11438.0,22.0,3.1,37.2,1.0,43.3,28.9
19377.0,21.0,2.2,29.5,1.0,26.7,23.4
7262.0,18.0,0.5,23.3,1.0,23.7,17.7
3770.0,13.0,3.3,27.6,1.25,49.0,22.7
8664.0,7.0,12.7,31.1,1.1,14.0,9.1
5708.0,19.0,0.2,37.4,1.0,14.7,17.7
23383.0,21.0,1.7,33.6,1.0,18.1,20.9
20586.0,24.0,1.2,24.9,1.0,12.8,23.1
16568.0,15.0,1.4,44.9,1.8,22.1,23.4
22043.0,22.0,12.0,31.6,1.0,46.0,28.9
20484.0,23.0,3.2,37.7,1.0,32.7,24.7
6291.0,18.0,3.1,29.1,1.0,23.5,19.7
22528.0,21.0,7.1,33.2,1.0,47.0,26.9
14404.0,19.0,0.8,35.0,1.5,7.2,15.0
20571.0,20.0,3.3,37.3,1.0,14.5,18.9
22610.0,12.0,2.8,36.3,1.0,30.5,17.4
9314.0,16.0,4.5,35.2,1.0,32.7,21.4
4531.0,26.0,38.6,28.1,1.1,6.8,24.3
7242.0,15.0,7.3,26.6,1.1,23.1,14.6
11823.0,22.0,2.5,32.0,1.0,34.2,23.8
20814.0,21.0,8.8,35.6,1.0,36.4,25.5
21796.0,16.0,0.9,28.7,1.25,33.7,21.9
2159.0,12.0,0.2,36.4,1.0,19.4,15.0
13747.0,17.0,1.1,38.7,1.0,9.2,17.9
11600.0,23.0,2.1,24.5,1.0,24.2,20.9
7108.0,18.0,3.6,25.0,1.8,10.8,16.3
4756.0,26.0,4.8,29.2,1.0,47.6,26.6
9765.0,19.0,12.1,31.8,1.1,26.4,22.9
23686.0,20.0,3.6,26.9,1.0,19.3,23.1
9433.0,27.0,3.5,38.1,1.0,39.5,28.2
13932.0,17.0,0.3,32.5,1.0,27.4,18.3
18169.0,27.0,0.2,30.2,1.0,19.0,27.1
10363.0,22.0,4.0,21.4,1.0,41.5,26.0
24350.0,23.0,2.9,22.1,1.0,44.0,28.1
24136.0,15.0,9.1,31.7,1.0,35.3,18.4
7790.0,34.0,0.9,17.2,1.25,7.1,27.7
13436.0,25.0,0.1,36.1,1.5,30.5,26.5
8920.0,19.0,3.0,29.1,1.0,39.3,20.0
8551.0,18.0,1.4,49.5,1.0,11.1,16.9
2848.0,15.0,0.3,43.8,1.0,15.3,14.0
16019.0,33.0,6.4,28.9,1.0,44.7,33.7
13561.0,22.0,0.6,29.4,1.1,5.9,15.0
3184.0,24.0,4.7,36.0,1.0,38.9,27.9
8408.0,33.0,1.6,40.2,1.0,26.3,32.5
22890.0,16.0,1.0,20.2,1.1,25.1,14.8
7509.0,15.0,2.4,19.3,1.0,5.3,14.4
5332.0,18.0,8.1,26.3,1.0,41.9,20.8
13257.0,19.0,2.5,33.5,1.0,21.2,21.0
24669.0,22.0,6.9,33.0,1.0,29.3,24.2
7567.0,15.0,0.7,36.4,1.0,35.5,19.0
17459.0,22.0,7.4,22.8,1.1,36.6,25.4
19517.0,21.0,1.4,16.1,1.1,48.0,29.4
7465.0,16.0,5.7,35.1,1.0,28.9,16.3
18748.0,17.0,4.2,25.0,1.5,23.0,22.0
10459.0,20.0,13.2,17.9,1.0,47.9,28.2
16543.0,9.0,2.4,30.9,1.1,33.9,16.9
16571.0,19.0,0.3,34.8,1.0,18.4,23.5
14322.0,17.0,0.1,29.3,1.25,10.7,14.7
4076.0,9.0,8.8,27.3,1.25,42.9,20.3
21211.0,19.0,3.7,29.0,1.0,21.3,19.5
9377.0,20.0,7.5,27.8,1.5,34.7,28.5
6289.0,14.0,1.3,21.9,1.1,26.2,16.2
2937.0,17.0,2.1,25.7,1.1,14.0,14.7
15590.0,16.0,0.2,33.1,1.0,32.1,21.8
17583.0,33.0,16.3,31.9,1.1,7.7,27.4
2381.0,22.0,5.5,31.0,1.25,23.6,19.4
13778.0,26.0,13.5,24.0,1.0,29.6,25.8
7209.0,29.0,1.5,28.9,1.5,24.6,29.7
16838.0,20.0,4.7,16.9,1.0,38.7,26.4
6010.0,26.0,5.7,31.1,1.0,42.3,28.1
17891.0,23.0,1.9,38.6,1.0,39.7,29.2
10894.0,16.0,9.4,21.2,1.0,6.7,11.8
23544.0,18.0,14.7,26.5,1.0,13.7,18.1
5162.0,13.0,10.8,32.0,1.0,29.1,16.3
9844.0,21.0,6.7,37.5,1.5,47.1,30.9
4609.0,26.0,1.6,27.3,1.0,42.6,27.4
23267.0,18.0,1.7,25.8,1.0,42.9,24.6
22178.0,24.0,16.5,18.2,1.0,18.6,23.4
7932.0,24.0,0.1,30.6,1.0,24.3,22.6
17179.0,25.0,6.3,42.3,1.5,26.2,28.6
20796.0,21.0,6.1,31.7,1.0,12.1,17.8
14769.0,18.0,4.9,29.9,1.1,6.4,15.5
14181.0,19.0,23.1,31.9,1.0,47.6,26.6
7562.0,18.0,1.9,29.9,1.0,15.8,16.3
4141.0,16.0,2.1,25.1,1.0,15.8,15.0
22635.0,16.0,0.4,34.9,1.0,8.8,15.5
22709.0,21.0,2.9,31.4,1.0,46.8,25.5
16561.0,22.0,1.5,30.1,1.0,31.1,25.7
9797.0,18.0,2.1,24.1,1.0,35.0,18.3
10031.0,20.0,9.0,37.8,1.1,46.0,25.3
18696.0,18.0,13.7,34.0,1.0,20.6,25.8
22633.0,21.0,1.0,26.7,1.0,33.0,21.2
22402.0,21.0,2.3,36.0,1.0,6.7,16.0
19937.0,31.0,13.2,27.0,1.0,13.4,29.0
16766.0,15.0,0.3,25.3,1.25,42.4,18.3
3935.0,18.0,0.5,25.4,1.0,39.5,20.4
5717.0,20.0,0.9,19.4,1.0,20.8,23.0
22666.0,17.0,4.5,32.8,1.5,22.0,18.0
15947.0,24.0,0.8,19.0,1.0,29.0,20.0
2211.0,17.0,17.2,22.6,1.0,5.0,12.1
4333.0,23.0,3.0,17.5,1.0,15.9,21.8
17260.0,19.0,3.5,29.5,1.0,14.4,20.2
2116.0,15.0,1.4,29.1,1.1,16.3,13.4
5698.0,15.0,3.2,28.0,1.1,41.3,21.8
14620.0,23.0,5.4,23.7,1.5,17.6,26.0
17913.0,21.0,7.0,23.0,1.0,13.6,23.3
16995.0,32.0,7.0,32.8,1.0,27.7,29.9
7158.0,24.0,4.3,26.7,1.1,44.0,23.0
18380.0,30.0,11.7,31.9,1.0,15.9,25.6
7456.0,16.0,8.5,24.7,1.0,8.5,13.7
9484.0,21.0,7.1,31.1,1.0,21.0,20.1
19169.0,18.0,0.3,37.8,1.0,38.6,22.3
16941.0,24.0,0.0,33.5,1.0,29.8,26.7
21532.0,25.0,1.2,27.5,1.25,41.8,32.4
17125.0,22.0,5.4,31.5,1.25,48.2,29.3
15071.0,22.0,2.6,28.6,1.0,40.7,27.3
4154.0,21.0,2.6,30.0,1.0,32.2,22.5
10457.0,16.0,10.8,28.0,1.0,27.2,18.9
8099.0,21.0,11.3,29.0,1.25,6.8,20.2
7611.0,16.0,12.0,31.3,1.0,49.3,23.4
24379.0,21.0,1.9,24.0,1.1,22.3,25.9
11041.0,23.0,5.9,23.9,1.0,11.9,17.2
22517.0,19.0,1.6,21.7,1.0,35.0,21.3
16516.0,14.0,1.1,20.4,1.0,17.8,14.6
20280.0,23.0,1.0,22.7,1.1,31.4,25.6
13560.0,17.0,2.1,31.0,1.0,31.4,22.1
15268.0,15.0,2.8,24.6,1.0,25.1,17.0
13327.0,16.0,8.9,33.1,1.0,42.6,19.3
6490.0,12.0,0.6,30.2,1.1,16.9,14.4
18616.0,12.0,6.6,18.2,1.25,25.2,18.5
8457.0,16.0,3.8,33.9,1.0,29.2,14.7
2559.0,26.0,1.7,34.9,1.25,34.9,27.8
16845.0,20.0,3.4,24.0,1.0,40.3,20.6
6073.0,18.0,1.8,32.5,1.0,22.8,16.8
23630.0,21.0,4.5,24.9,1.0,34.1,22.1
23940.0,19.0,2.8,30.6,1.0,11.8,19.6
23041.0,15.0,0.9,22.4,1.1,47.0,23.0
10513.0,16.0,0.6,19.2,1.1,22.2,14.4
2355.0,13.0,4.0,27.7,1.0,37.8,19.1
23351.0,24.0,11.6,29.3,1.0,5.9,18.4
11848.0,22.0,2.1,27.6,1.1,14.2,20.4
24233.0,28.0,6.6,22.9,1.5,26.9,28.8
24163.0,19.0,5.4,27.6,1.0,44.5,24.1
21619.0,20.0,13.4,31.6,1.5,28.7,27.1
8772.0,20.0,8.6,29.7,1.0,46.8,26.1
10857.0,13.0,4.2,31.1,1.0,26.8,18.6
21576.0,14.0,5.4,26.0,1.1,27.1,18.0
9289.0,24.0,11.4,37.0,1.0,10.4,22.3
5898.0,17.0,2.6,22.9,1.0,41.1,20.0
14806.0,13.0,2.0,32.9,1.0,16.1,14.4
23531.0,21.0,0.1,37.1,1.1,45.5,28.2
18008.0,19.0,8.8,32.9,1.1,46.0,26.0
15111.0,21.0,8.1,28.8,1.0,47.4,22.8
4235.0,28.0,0.6,26.8,1.0,28.4,26.4
16145.0,14.0,4.3,36.2,1.0,35.5,20.1
24771.0,18.0,3.1,21.5,1.0,40.0,21.6
5221.0,24.0,0.6,24.2,1.0,10.9,16.9
13921.0,12.0,19.7,27.6,1.1,32.0,21.9
22179.0,15.0,1.2,37.4,1.0,6.5,15.5
19037.0,22.0,0.3,32.3,1.0,27.4,22.2
18031.0,28.0,4.5,24.2,1.0,12.0,21.7
18157.0,21.0,6.7,28.1,1.0,13.2,18.0
10268.0,15.0,0.2,26.3,1.5,21.4,20.4
8752.0,19.0,5.4,25.7,1.0,24.5,19.8
20615.0,18.0,3.8,35.9,1.0,33.0,20.8
20632.0,32.0,0.5,21.8,1.0,8.3,26.8
21942.0,17.0,0.9,39.7,1.0,27.7,18.6
23004.0,19.0,4.2,35.0,1.0,13.2,21.8
13760.0,22.0,1.8,36.5,1.0,30.8,26.2
13534.0,22.0,13.9,27.2,1.0,33.7,24.0
20360.0,15.0,8.5,29.1,1.0,30.1,17.9
16949.0,24.0,20.5,21.4,1.0,38.2,23.0
18145.0,11.0,1.5,26.9,1.0,20.1,10.4
20303.0,14.0,17.5,33.0,1.5,39.4,23.0
22470.0,17.0,2.8,37.8,1.0,24.5,20.0
9773.0,23.0,2.1,23.4,1.0,26.8,21.8
10638.0,25.0,0.3,27.8,1.0,34.2,22.5
4161.0,17.0,0.3,29.1,1.0,5.8,12.9
15300.0,20.0,5.9,21.6,1.1,34.4,24.5
2826.0,19.0,3.1,33.5,1.0,32.8,21.9
12708.0,18.0,1.3,25.7,1.1,18.9,14.1
14480.0,24.0,4.8,28.8,1.0,8.9,20.0
8590.0,19.0,1.5,27.3,1.0,9.1,13.2
15589.0,24.0,4.3,25.3,1.1,46.5,30.6
2701.0,20.0,2.2,30.0,1.0,36.0,23.3
2859.0,31.0,8.7,28.7,1.0,10.7,23.3
20919.0,13.0,8.6,27.8,1.0,21.1,14.5
10284.0,19.0,3.2,25.6,1.1,31.7,20.6
4922.0,13.0,2.2,31.9,1.0,42.6,14.0
14011.0,15.0,2.3,39.9,1.25,7.0,15.3
19709.0,23.0,8.2,30.8,1.0,15.6,21.3
6963.0,18.0,2.0,36.0,1.25,45.0,27.2
16326.0,19.0,1.2,21.7,1.0,5.4,13.6
3962.0,24.0,0.4,30.9,1.1,14.1,19.1
3188.0,23.0,3.1,23.4,1.0,48.2,23.4
14221.0,19.0,3.3,21.1,1.25,32.6,21.0
14434.0,22.0,9.2,25.6,1.0,16.8,18.6
16660.0,11.0,1.3,37.2,1.0,8.0,13.5
18700.0,15.0,2.4,35.7,1.0,6.3,12.7
24444.0,20.0,8.3,31.5,1.0,16.0,20.5
13874.0,9.0,8.7,20.8,1.0,44.7,16.6
9427.0,23.0,2.4,28.8,1.5,23.7,21.7
20289.0,12.0,3.1,31.8,1.5,37.4,21.5
8229.0,18.0,1.8,31.1,1.0,46.3,24.0
12096.0,18.0,13.5,18.9,1.25,23.4,18.6
3804.0,22.0,0.6,24.7,1.0,13.6,20.1
2583.0,15.0,13.6,29.6,1.0,28.3,16.3
24140.0,22.0,5.8,33.2,1.1,45.9,27.5
21227.0,17.0,3.8,16.8,1.0,41.2,23.4
18007.0,17.0,0.2,29.0,1.8,8.0,14.9
11405.0,22.0,3.2,30.9,1.0,36.2,24.1
5985.0,16.0,2.6,35.1,1.0,30.7,18.0
5598.0,21.0,0.9,34.2,1.0,45.8,25.1
7755.0,22.0,5.3,33.5,1.0,10.5,14.4
14632.0,24.0,17.7,25.2,1.0,29.0,22.2
18435.0,21.0,4.1,18.6,1.8,44.6,33.9
17184.0,25.0,6.3,27.6,1.1,23.5,26.9
8438.0,14.0,0.4,36.0,1.1,26.7,15.2
23961.0,28.0,2.7,38.4,1.0,8.2,23.8
18971.0,18.0,0.6,34.3,1.0,17.5,18.7
14750.0,19.0,4.7,32.6,1.0,19.6,20.6
16069.0,29.0,13.9,32.3,1.0,47.5,28.9
11650.0,14.0,5.4,26.7,1.0,17.7,13.2
7697.0,26.0,0.4,29.2,1.1,25.7,23.9
10187.0,17.0,2.2,40.0,1.0,35.2,22.4
19430.0,28.0,4.0,24.3,1.0,12.3,29.1
2331.0,24.0,2.6,39.7,1.0,26.9,23.2
4669.0,25.0,9.0,28.1,1.0,38.2,23.8
3058.0,24.0,8.4,38.0,1.0,44.0,28.5
2936.0,15.0,4.7,21.6,1.5,33.2,23.9
21675.0,9.0,2.3,33.5,1.0,35.1,15.9
18184.0,14.0,1.5,25.6,1.1,10.7,12.0
12905.0,25.0,0.6,21.5,1.0,47.6,30.0
4250.0,20.0,2.2,31.3,1.0,11.0,18.3
13307.0,23.0,2.7,36.1,1.0,39.9,24.0
12889.0,21.0,5.6,24.9,1.25,16.9,21.4
5983.0,17.0,5.4,21.0,1.1,47.0,25.4
11978.0,22.0,0.4,29.4,1.0,37.4,26.2
11165.0,15.0,2.5,29.5,1.0,38.9,19.3
16164.0,13.0,1.0,33.3,1.0,14.9,13.1
16607.0,24.0,0.9,35.7,1.0,24.9,26.2
3041.0,21.0,8.8,29.6,1.5,32.8,23.4
10616.0,21.0,0.2,41.1,1.0,39.6,25.5
16394.0,18.0,2.7,31.3,1.0,9.7,13.6
13572.0,21.0,0.9,27.9,1.0,48.3,27.7
21699.0,24.0,10.6,20.3,1.0,45.1,28.3
17149.0,23.0,4.1,28.4,1.0,17.2,23.9
5747.0,31.0,1.3,28.0,1.0,42.0,31.7
3623.0,18.0,3.5,35.8,1.1,28.3,17.7
16775.0,17.0,6.6,32.8,1.1,25.8,22.8
2609.0,19.0,15.9,22.9,1.0,19.1,22.3
15472.0,26.0,1.2,31.0,1.1,31.1,28.3
23625.0,18.0,10.9,34.0,1.0,37.8,22.2
15235.0,23.0,13.6,39.2,1.0,23.5,24.0
10927.0,22.0,12.4,35.3,1.0,33.3,25.2
16795.0,24.0,5.0,34.6,1.0,36.5,25.1
12539.0,21.0,5.0,30.4,1.0,37.0,27.1
14549.0,22.0,2.6,32.3,1.0,7.3,18.9
23653.0,21.0,7.0,37.5,1.0,43.7,21.5
10880.0,21.0,3.8,22.0,1.8,25.6,25.9
24107.0,22.0,5.7,27.9,1.0,16.8,20.7
22823.0,17.0,2.8,25.4,1.0,15.9,17.1
6503.0,20.0,6.6,32.3,1.0,26.7,20.1
3595.0,11.0,8.7,37.4,1.0,44.9,20.4
4317.0,24.0,0.8,26.4,1.0,22.0,23.9
2419.0,24.0,8.9,15.7,1.1,38.7,27.2
4172.0,19.0,3.9,27.5,1.0,9.4,15.3
17709.0,18.0,9.3,35.5,1.0,26.4,20.9
3637.0,13.0,2.8,33.2,1.0,49.6,20.0
9336.0,21.0,2.4,32.6,1.0,39.7,22.3
21432.0,22.0,12.3,28.3,1.0,14.5,22.6
2535.0,22.0,1.4,22.3,1.0,27.6,22.2
20732.0,14.0,9.3,33.1,1.0,15.5,19.1
8482.0,25.0,3.3,25.0,1.0,23.4,25.8
4717.0,21.0,3.6,43.1,1.0,40.1,23.5
18024.0,15.0,1.8,33.4,1.5,39.7,26.1
16465.0,18.0,4.3,26.5,1.0,15.3,15.6
22181.0,17.0,2.0,26.3,1.1,46.5,25.5
18906.0,17.0,0.2,29.4,1.1,31.7,19.4
20480.0,19.0,1.6,28.6,1.0,22.1,17.5
8486.0,14.0,0.0,36.7,1.0,27.6,17.2
6081.0,23.0,19.2,31.1,1.0,32.2,20.1
19264.0,19.0,16.9,25.6,1.0,30.2,19.4
20557.0,24.0,2.5,41.3,1.0,26.9,24.9
24781.0,21.0,6.5,30.3,1.1,27.7,23.8
11490.0,24.0,2.1,34.6,1.5,12.9,21.6
10556.0,31.0,5.6,26.4,1.0,41.6,28.4
19857.0,11.0,8.2,32.2,1.0,29.4,14.7
9838.0,17.0,14.7,31.9,1.0,10.9,17.6
23407.0,27.0,2.6,18.7,1.1,39.5,30.9
21743.0,17.0,7.6,42.1,1.0,47.0,25.1
11866.0,19.0,1.5,37.7,1.0,47.6,27.0
19270.0,11.0,23.2,27.6,1.1,21.6,17.6
19354.0,7.0,0.1,23.4,1.0,11.1,7.2
4371.0,27.0,4.6,32.1,1.25,28.3,26.5
22758.0,20.0,5.4,30.5,1.0,10.1,15.7
13620.0,18.0,5.8,32.1,1.0,47.0,23.8
21008.0,29.0,0.6,31.1,1.5,13.3,28.4
9361.0,19.0,13.9,33.0,1.0,16.4,20.7
22597.0,16.0,1.0,38.7,1.0,23.3,21.5
10951.0,15.0,4.9,33.4,1.0,22.2,16.1
2249.0,21.0,1.3,23.7,1.0,40.8,25.9
22823.0,14.0,1.8,38.2,1.0,25.5,17.4
4099.0,16.0,4.0,39.8,1.0,12.7,18.5
9344.0,25.0,2.7,48.9,1.0,17.0,23.8
23851.0,20.0,0.9,23.3,1.0,27.9,23.0
23863.0,12.0,0.9,31.5,1.1,11.6,16.1
15189.0,21.0,2.7,17.5,1.1,32.5,23.0
16532.0,19.0,7.1,33.3,1.0,30.5,22.3
12314.0,25.0,11.4,26.7,1.0,37.2,29.9
8743.0,19.0,0.4,41.5,1.0,47.2,24.4
9559.0,22.0,2.5,25.4,1.0,46.1,23.0
17467.0,11.0,0.5,19.9,1.1,47.6,23.9
19304.0,24.0,0.1,27.2,1.1,16.0,20.9
20206.0,16.0,5.4,18.1,1.0,10.9,16.0
20161.0,15.0,4.6,34.5,1.0,18.6,19.1
4097.0,24.0,0.9,17.6,1.0,45.3,25.1
13371.0,16.0,1.3,30.2,1.0,48.7,20.2
3323.0,16.0,0.1,17.5,1.0,43.7,20.7
14639.0,19.0,9.0,28.1,1.8,10.0,15.5
12155.0,20.0,18.4,39.9,1.1,47.6,28.1
22417.0,13.0,0.7,32.2,1.0,24.1,16.5
10071.0,25.0,1.3,24.8,1.0,5.4,19.0
4692.0,16.0,10.1,29.8,1.25,24.9,15.9
5288.0,17.0,13.0,30.1,1.0,7.1,18.5
19514.0,21.0,2.7,32.8,1.0,29.5,23.0
16219.0,24.0,0.3,21.8,1.0,20.2,25.0
4325.0,27.0,0.2,33.6,1.1,26.3,24.9
3934.0,15.0,4.3,13.8,1.0,32.6,16.1
18122.0,24.0,2.5,26.2,1.0,44.1,27.9
3673.0,14.0,0.1,27.1,1.25,34.8,18.4
20902.0,22.0,4.4,33.8,1.25,24.5,21.8
18243.0,19.0,0.1,30.1,1.25,41.9,28.2
3871.0,24.0,7.7,21.6,1.0,45.8,25.9
3951.0,22.0,1.8,24.1,1.0,10.4,14.3
24692.0,26.0,0.2,31.2,1.1,28.9,29.3
10608.0,15.0,4.4,29.5,1.1,17.8,14.8
10524.0,21.0,2.5,26.5,1.0,7.1,16.1
20694.0,25.0,18.2,27.1,1.0,35.1,24.8
23786.0,23.0,3.9,34.2,1.1,43.8,32.0
24678.0,20.0,1.6,26.9,1.1,12.3,16.3
19327.0,19.0,6.2,29.5,1.0,41.6,24.0
10653.0,20.0,1.6,43.0,1.0,43.4,26.9
3920.0,18.0,11.7,21.5,1.0,46.1,24.4
19874.0,13.0,2.3,18.9,1.0,16.9,14.2
14843.0,14.0,4.0,34.7,1.0,45.7,17.7
11757.0,19.0,0.3,25.9,1.0,19.4,16.5
22846.0,22.0,2.8,28.1,1.0,29.9,23.9
4557.0,18.0,8.9,25.3,1.0,7.3,13.9
13330.0,22.0,8.2,28.4,1.0,7.0,19.3
2261.0,22.0,1.3,39.6,1.1,37.4,26.3
12779.0,23.0,1.3,34.8,1.0,25.0,24.7
3294.0,16.0,8.5,35.2,1.0,16.5,13.9
4732.0,17.0,13.3,21.5,1.25,13.6,21.7
4703.0,23.0,0.5,23.1,1.0,35.1,25.1
16931.0,17.0,3.0,13.0,1.5,5.0,15.1
19159.0,24.0,2.1,25.1,1.1,41.3,29.8
15417.0,17.0,10.2,35.7,1.0,8.6,21.4
24129.0,22.0,0.4,33.1,1.8,13.6,19.7
10622.0,13.0,1.2,28.7,1.0,22.4,14.1
8571.0,19.0,7.0,29.9,1.0,26.8,15.4
21977.0,21.0,0.3,25.9,1.0,21.0,21.1
7142.0,36.0,3.4,31.2,1.0,19.4,30.9
24154.0,19.0,2.9,34.6,1.25,48.4,28.1
2279.0,17.0,2.0,20.3,1.0,33.9,17.8
24307.0,17.0,2.5,31.8,1.0,6.1,11.4
2992.0,23.0,3.8,35.6,1.0,24.4,23.0
22496.0,25.0,0.9,27.5,1.0,44.4,31.2
14137.0,26.0,4.2,34.2,1.0,18.6,22.8
24838.0,23.0,8.2,46.9,1.0,9.3,23.5
3697.0,13.0,7.1,29.4,1.1,39.1,15.7
14738.0,17.0,0.8,32.4,1.0,32.3,20.8
24293.0,17.0,0.8,25.6,1.1,30.7,19.9
14031.0,23.0,1.6,31.1,1.0,7.4,17.5
16476.0,22.0,2.2,32.8,1.1,11.3,18.2
18002.0,27.0,2.6,31.2,1.1,33.0,27.2
12454.0,12.0,5.7,23.9,1.0,14.4,13.7
16433.0,24.0,0.3,31.2,1.0,27.7,21.2
15439.0,25.0,0.2,38.8,1.25,29.5,26.2
22726.0,21.0,2.5,32.7,1.0,17.8,20.6
3045.0,22.0,6.0,35.8,1.5,47.7,29.0
8462.0,26.0,1.1,28.6,1.0,42.9,31.2
23859.0,20.0,5.1,34.5,1.0,37.5,22.8
22476.0,17.0,1.5,31.7,1.0,8.5,14.4
12480.0,24.0,10.9,24.3,1.5,9.8,20.1
16263.0,27.0,11.3,31.9,1.0,27.2,30.8
8379.0,21.0,1.8,24.0,1.25,12.2,19.7
6326.0,21.0,1.3,26.2,1.25,49.0,25.7
12665.0,16.0,2.6,31.1,1.0,12.1,17.3
10127.0,13.0,1.4,31.8,1.0,26.9,16.0
15424.0,20.0,5.6,22.9,1.1,21.4,21.1
3787.0,30.0,8.7,36.3,1.0,33.8,29.1
24411.0,23.0,5.6,33.4,1.1,10.8,19.9
24682.0,22.0,8.7,25.8,1.0,24.4,24.0
18057.0,16.0,2.5,20.8,1.0,17.4,15.3
14330.0,20.0,0.8,29.1,1.1,44.9,28.8
9119.0,14.0,6.7,27.3,1.0,6.8,10.2
20717.0,20.0,2.2,30.7,1.0,46.1,28.3
17748.0,21.0,5.6,27.8,1.0,42.5,25.1
5740.0,16.0,1.6,18.0,1.0,18.4,16.1
22951.0,16.0,0.4,27.7,1.0,40.5,22.9
20918.0,13.0,24.5,28.2,1.1,6.4,13.9
23845.0,24.0,0.8,33.8,1.0,48.5,30.6
18691.0,20.0,22.3,25.8,1.0,28.7,18.5
16108.0,28.0,18.9,40.1,1.0,18.6,26.5
11619.0,13.0,7.9,18.5,1.0,21.3,13.4
23452.0,14.0,5.4,37.9,1.0,8.0,12.2
21919.0,20.0,4.3,28.7,1.5,49.5,30.7
3040.0,20.0,10.1,35.2,1.1,6.8,18.2
2606.0,17.0,1.7,30.5,1.0,34.5,20.7
10658.0,19.0,3.2,36.8,1.0,24.9,20.7
20642.0,27.0,4.8,27.7,1.0,47.7,29.3
24707.0,21.0,2.6,23.4,1.0,16.1,20.9
5459.0,25.0,2.8,38.5,1.0,28.9,25.2
15665.0,22.0,2.0,29.3,1.0,26.7,24.1
10760.0,17.0,4.2,31.3,1.0,36.6,22.3
24308.0,21.0,9.5,37.4,1.0,8.1,20.2
21368.0,14.0,1.1,23.8,1.0,13.7,12.6
21281.0,19.0,13.6,33.6,1.5,14.7,20.1
12779.0,14.0,5.8,26.5,1.0,38.2,18.1
11540.0,24.0,8.7,29.2,1.0,13.5,20.8
8288.0,12.0,4.1,30.4,1.0,30.8,16.3
3296.0,29.0,7.6,21.0,1.0,14.7,25.8
21888.0,22.0,0.1,25.3,1.1,43.8,26.7
20696.0,21.0,8.5,38.1,1.0,47.4,27.7
24993.0,21.0,0.2,35.3,1.0,28.3,23.2
24922.0,23.0,11.0,29.6,1.0,20.9,22.6
14774.0,27.0,24.1,31.5,1.1,15.5,24.7
19686.0,20.0,1.7,28.2,1.0,7.2,13.7
23729.0,17.0,1.2,38.1,1.0,17.1,16.8
21541.0,21.0,7.2,28.8,1.0,34.4,25.1
7689.0,14.0,1.5,31.4,1.0,29.0,15.1
12362.0,18.0,10.0,36.9,1.0,47.5,24.5
4970.0,22.0,0.5,25.3,1.0,22.8,21.4
23943.0,23.0,0.7,39.4,1.0,36.2,27.3
15942.0,22.0,19.4,20.8,1.1,27.0,22.8
7258.0,17.0,5.6,39.8,1.0,28.1,21.7
17449.0,19.0,9.4,27.8,1.0,17.0,21.5
16216.0,27.0,2.0,28.5,1.0,25.5,23.3
10237.0,17.0,5.6,18.7,1.8,26.2,21.2
4611.0,18.0,4.5,27.3,1.0,36.8,23.3
17446.0,23.0,4.6,23.8,1.1,47.3,28.2
13967.0,18.0,5.7,26.4,1.0,19.8,13.9
19763.0,19.0,4.3,29.2,1.0,6.9,14.0
13963.0,26.0,2.8,35.7,1.0,27.3,25.2
21600.0,15.0,1.6,31.2,1.0,29.5,16.1
14693.0,22.0,7.3,31.8,1.25,12.6,20.0
14901.0,18.0,1.3,23.4,1.5,39.2,25.8
22163.0,19.0,5.9,24.7,1.0,49.3,28.6
11280.0,22.0,1.3,40.8,1.0,47.6,26.5
5082.0,18.0,4.9,25.6,1.5,13.9,19.9
2662.0,23.0,6.9,39.9,1.0,44.4,29.9
19368.0,20.0,1.2,28.5,1.0,36.7,25.9
16267.0,18.0,0.3,30.0,1.0,25.4,19.6
18193.0,15.0,0.7,36.4,1.0,29.3,14.6
6898.0,24.0,4.7,37.6,1.0,43.2,28.2
5136.0,17.0,9.5,29.3,1.0,26.6,20.9
2334.0,17.0,0.2,27.7,1.0,21.8,16.3
10063.0,21.0,6.6,29.7,1.0,27.2,25.2
15568.0,31.0,2.1,32.0,1.0,31.1,31.3
11021.0,18.0,3.3,35.3,1.0,13.5,18.2
12061.0,20.0,13.2,30.0,1.1,45.5,28.7
22795.0,21.0,2.0,33.7,1.0,35.3,24.9
10009.0,19.0,3.1,39.8,1.0,33.5,17.2
13821.0,17.0,0.1,32.3,1.5,9.5,15.1
20024.0,11.0,0.4,31.9,1.25,32.2,20.0
11120.0,21.0,1.5,20.9,1.0,10.4,16.2
16307.0,21.0,0.1,14.2,1.0,8.5,17.3
21834.0,19.0,5.0,32.3,1.1,28.7,20.1
23838.0,20.0,2.8,29.4,1.1,23.1,24.9
5382.0,22.0,4.0,26.9,1.5,31.5,29.1
23311.0,22.0,1.0,31.5,1.25,9.0,18.0
13318.0,19.0,1.8,29.6,1.0,24.4,19.7
7939.0,20.0,5.5,36.8,1.0,12.9,17.2
12560.0,27.0,16.8,30.5,1.0,49.4,33.1
24540.0,20.0,0.3,25.5,1.0,30.3,23.1
13330.0,14.0,11.1,35.9,1.0,35.9,21.6
9561.0,14.0,4.3,28.7,1.0,19.6,15.7
16568.0,17.0,4.1,33.2,1.0,9.3,21.8
7523.0,29.0,3.5,27.1,1.1,48.9,30.0
3744.0,20.0,0.4,26.1,1.0,17.9,14.5
4964.0,21.0,0.5,30.5,1.0,24.1,19.2
4945.0,17.0,4.6,30.1,1.0,34.2,16.6
5493.0,24.0,2.1,32.9,1.0,6.1,16.0
5193.0,20.0,12.5,28.4,1.1,41.5,23.0
16740.0,21.0,2.6,19.0,1.0,29.1,20.3
6183.0,16.0,0.8,27.4,1.8,17.5,16.2
9950.0,25.0,6.3,34.8,1.0,7.8,22.1
22626.0,19.0,1.7,28.2,1.0,12.3,16.8
12901.0,23.0,3.7,28.5,1.0,45.3,26.3
17353.0,23.0,6.0,35.9,1.0,35.9,27.8
5963.0,17.0,11.5,25.7,1.25,16.2,16.3
6422.0,24.0,7.9,20.7,1.0,8.0,19.3
2939.0,22.0,5.6,29.0,1.25,36.1,26.1
5885.0,17.0,5.7,27.1,1.0,30.8,15.3
8407.0,23.0,14.6,24.2,1.25,23.2,19.6
6071.0,23.0,1.8,28.9,1.0,21.4,21.8
4040.0,22.0,0.0,32.9,1.25,14.8,20.7
4774.0,25.0,1.6,29.9,1.0,35.1,29.2
12597.0,13.0,1.2,31.8,1.0,48.7,20.5
6745.0,12.0,5.4,40.9,1.0,12.9,14.9
10378.0,19.0,5.0,27.9,1.5,31.9,23.9
13578.0,18.0,4.5,31.7,1.0,24.1,19.8
17879.0,20.0,0.1,26.9,1.0,25.1,23.8
2904.0,12.0,6.5,24.9,1.25,16.4,9.3
20386.0,24.0,2.0,26.5,1.0,42.1,27.9
16441.0,10.0,5.5,27.1,1.0,26.8,18.6
3880.0,19.0,4.1,32.2,1.0,29.5,20.8
22092.0,16.0,2.1,44.1,1.0,18.7,21.7
23180.0,19.0,0.7,25.7,1.25,13.2,17.3
3404.0,17.0,0.5,27.5,1.1,8.9,14.1
8368.0,16.0,8.9,29.6,1.0,37.1,20.4
20542.0,18.0,12.5,32.4,1.8,13.8,16.5
19209.0,20.0,5.2,31.6,1.0,36.1,21.2
6243.0,21.0,0.5,37.7,1.0,22.6,18.4
6815.0,12.0,2.6,15.4,1.0,23.7,15.6
10520.0,16.0,6.5,15.7,1.0,26.1,19.8
13144.0,21.0,7.6,27.0,1.0,21.5,21.6
16219.0,17.0,0.6,36.6,1.5,9.5,18.4
10485.0,17.0,0.0,20.6,1.1,18.9,16.6
12638.0,22.0,6.2,12.0,1.0,34.9,26.5
19191.0,23.0,2.2,33.4,1.0,35.0,25.3
2843.0,10.0,1.5,31.5,1.1,17.9,11.6
7806.0,23.0,0.1,23.5,1.5,25.7,23.9
18407.0,25.0,3.9,24.1,1.25,13.7,24.2
22589.0,16.0,9.5,24.2,1.0,14.5,16.2
13768.0,17.0,15.8,30.7,1.1,6.0,18.2
14238.0,18.0,4.2,26.2,1.0,45.4,21.0
4464.0,25.0,3.6,33.0,1.0,14.5,19.3
12290.0,19.0,0.4,12.9,1.0,15.2,18.8
14250.0,13.0,4.0,24.9,1.0,17.6,14.1
7576.0,20.0,2.4,23.2,1.0,10.7,16.1
8192.0,22.0,4.7,28.5,1.0,33.8,25.1
10677.0,23.0,2.5,26.8,1.0,8.4,17.7
2461.0,30.0,1.4,34.8,1.1,11.0,23.9
9407.0,17.0,0.5,18.8,1.0,34.0,22.3
6863.0,24.0,1.9,30.3,1.0,20.3,24.7
9532.0,10.0,0.5,33.4,1.0,36.9,18.7
4754.0,31.0,1.0,41.1,1.5,30.1,31.8
22482.0,19.0,21.8,27.1,1.0,16.5,23.5
15652.0,16.0,2.9,31.9,1.0,34.3,18.0
17619.0,18.0,3.8,19.2,1.0,10.2,14.7
20150.0,24.0,10.3,15.6,1.1,29.1,21.4
13464.0,16.0,27.1,35.1,1.8,24.7,28.3
3999.0,20.0,4.4,30.0,1.0,17.1,16.5
14353.0,16.0,8.4,37.1,1.0,32.2,20.2
15497.0,21.0,2.0,21.8,1.25,44.2,25.4
19145.0,14.0,1.8,33.1,1.0,50.0,23.2
11928.0,23.0,2.6,41.2,1.0,32.3,24.2
4934.0,22.0,5.6,32.5,1.0,23.2,18.7
8526.0,23.0,5.7,31.7,1.0,15.1,21.5
10350.0,26.0,1.9,30.1,1.0,16.6,19.7
16856.0,18.0,0.7,20.6,1.0,26.6,17.7
15127.0,13.0,5.0,38.1,1.0,21.5,11.8
10190.0,17.0,0.7,26.3,1.5,46.1,23.8
24689.0,18.0,4.3,33.0,1.0,21.6,20.1
15932.0,14.0,5.9,20.6,1.1,21.8,12.7
7456.0,20.0,6.0,22.9,1.0,22.3,16.8
4340.0,20.0,7.0,38.6,1.0,42.6,24.6
5515.0,32.0,10.3,27.9,1.0,34.3,29.8
7657.0,22.0,3.5,38.7,1.5,32.6,31.1
5695.0,14.0,6.6,29.5,1.1,20.0,19.1
6291.0,14.0,4.8,18.9,1.0,41.8,17.5
8557.0,24.0,1.0,35.4,1.1,6.7,20.7
5987.0,18.0,0.1,26.5,1.0,44.2,23.4
22625.0,25.0,1.7,34.2,1.5,28.1,27.2
3845.0,24.0,2.9,30.2,1.1,22.9,19.5
14063.0,19.0,4.8,20.7,1.25,27.4,21.8
11439.0,11.0,9.5,31.0,1.0,35.0,16.5
24594.0,16.0,1.1,43.2,1.0,5.6,14.9
4576.0,23.0,0.7,33.0,1.0,44.2,26.6
11150.0,29.0,16.5,29.7,1.0,25.1,26.7
24297.0,32.0,0.6,36.5,1.0,20.4,26.8
21906.0,18.0,3.3,31.3,1.0,11.2,17.3
20792.0,15.0,4.4,31.3,1.0,24.8,18.5
7931.0,22.0,3.9,23.5,1.0,27.3,19.6
5930.0,21.0,0.4,31.4,1.0,23.2,21.9
17378.0,25.0,0.3,36.2,1.0,35.5,23.1
23375.0,18.0,0.6,25.0,1.5,23.9,20.6
14805.0,17.0,4.4,38.5,1.0,48.3,23.6
15147.0,28.0,3.9,29.4,1.0,32.0,26.4
8439.0,20.0,1.3,24.7,1.1,41.3,22.8
19698.0,23.0,5.1,36.0,1.0,9.9,24.6
6302.0,14.0,8.6,28.3,1.0,22.9,14.2
9444.0,22.0,0.2,34.6,1.0,20.2,25.6
11785.0,20.0,3.4,28.2,1.0,30.6,22.4
13675.0,20.0,5.8,29.6,1.5,43.8,29.1
7575.0,12.0,1.5,33.0,1.0,8.5,12.1
4641.0,24.0,1.8,31.7,1.0,8.3,24.3
16044.0,21.0,4.8,18.0,1.0,43.3,23.2
8638.0,9.0,11.4,23.3,1.0,14.6,9.0
15368.0,19.0,8.3,35.6,1.1,35.1,22.3
5550.0,25.0,4.4,29.2,1.0,29.4,24.4
13066.0,31.0,6.6,26.9,1.0,42.5,28.6
14249.0,21.0,2.3,21.8,1.0,10.6,18.3
3191.0,19.0,5.1,23.5,1.0,10.8,19.7
9741.0,12.0,3.1,17.9,1.0,30.1,15.9
5091.0,24.0,1.1,29.4,1.1,47.6,27.2
3457.0,20.0,6.0,26.4,1.1,23.7,19.0
24769.0,16.0,4.1,24.2,1.25,19.7,20.4
9414.0,22.0,2.2,29.6,1.25,32.3,22.8
20627.0,21.0,12.1,32.2,1.0,46.9,31.1
7856.0,20.0,0.1,42.6,1.0,42.7,28.3
17674.0,28.0,1.9,20.9,1.1,49.8,32.7
19485.0,22.0,0.3,37.0,1.1,6.0,19.0
15699.0,17.0,7.3,35.8,1.1,10.1,18.9
12846.0,23.0,6.1,25.3,1.0,32.4,26.5
11472.0,19.0,2.0,31.2,1.0,41.9,21.4
10023.0,20.0,5.6,27.3,1.1,17.8,18.3
23379.0,14.0,2.5,31.1,1.1,15.8,12.9
21104.0,19.0,7.1,39.1,1.8,40.4,32.1
24195.0,24.0,3.0,33.6,1.0,7.5,22.3
4858.0,18.0,2.7,33.1,1.0,21.6,15.2
18809.0,21.0,13.6,27.4,1.0,27.8,22.5
23581.0,24.0,1.4,21.1,1.1,30.2,22.8
6168.0,21.0,0.6,28.7,1.0,37.8,21.0
3529.0,22.0,4.4,37.2,1.0,21.0,22.2
19045.0,13.0,17.4,20.8,1.8,32.6,23.0
15212.0,16.0,2.4,23.7,1.0,31.3,18.4
21362.0,8.0,0.3,30.8,1.1,29.6,10.7
5214.0,26.0,2.1,24.1,1.0,33.8,26.0
20291.0,30.0,3.5,25.2,1.1,16.7,26.6
6637.0,19.0,0.9,27.5,1.0,8.8,14.2
5764.0,20.0,5.4,21.8,1.25,10.4,17.3
5778.0,17.0,30.5,24.2,1.25,15.1,20.2
20735.0,27.0,3.0,34.2,1.0,27.5,25.2
17299.0,24.0,2.2,22.2,1.0,42.8,24.1
14030.0,20.0,2.6,20.4,1.0,36.6,26.4
10253.0,21.0,0.6,26.2,1.0,40.5,22.4
22175.0,18.0,10.7,34.4,1.25,20.8,21.1
11026.0,16.0,2.7,28.8,1.0,23.2,19.1
20781.0,20.0,2.4,27.2,1.0,22.7,27.6
12100.0,18.0,5.4,30.3,1.0,13.6,14.5
10669.0,24.0,2.9,19.5,1.1,7.8,20.6
12641.0,15.0,5.2,33.0,1.5,31.6,20.5
8931.0,20.0,0.3,32.3,1.0,49.5,23.8
19195.0,19.0,8.4,27.5,1.0,12.5,16.9
13562.0,14.0,14.1,36.0,1.0,7.1,12.4
7340.0,20.0,5.2,23.2,1.0,40.1,23.1
22690.0,34.0,15.5,36.8,1.0,16.4,28.5
10829.0,17.0,0.8,30.9,1.0,42.3,23.3
14501.0,16.0,3.2,28.0,1.0,36.7,20.2
22848.0,16.0,4.6,29.9,1.0,47.6,23.9
16357.0,23.0,4.4,29.4,1.0,23.4,21.7
4688.0,19.0,2.6,37.3,1.0,34.8,20.9
23616.0,18.0,2.1,23.5,1.0,25.9,20.5
16437.0,25.0,0.7,25.4,1.1,33.4,23.9
9702.0,18.0,2.5,36.2,1.1,25.2,19.1
5203.0,24.0,0.9,26.4,1.0,13.5,18.3
20262.0,21.0,6.6,35.4,1.0,27.9,21.4
16261.0,12.0,1.2,40.2,1.1,28.8,13.0
14269.0,23.0,0.3,27.6,1.5,41.5,32.4
22559.0,24.0,4.0,34.1,1.0,38.1,25.7
20137.0,30.0,4.5,23.1,1.0,34.9,32.5
5488.0,17.0,10.3,34.5,1.0,10.1,18.2
9169.0,17.0,4.3,31.2,1.0,37.4,18.2
7715.0,24.0,2.1,32.8,1.0,27.5,21.3
19110.0,20.0,8.1,26.1,1.0,45.2,30.7
2771.0,18.0,3.9,20.0,1.0,46.4,26.1
15107.0,25.0,0.4,33.0,1.0,7.5,20.5
19536.0,23.0,4.2,17.6,1.0,41.9,27.1
22165.0,28.0,11.9,28.1,1.0,6.7,22.9
9867.0,17.0,2.5,35.6,1.0,21.5,18.7
20888.0,15.0,1.8,31.2,1.0,29.4,16.9
4544.0,23.0,0.8,41.7,1.0,11.7,16.0
21468.0,30.0,0.8,36.2,1.25,38.6,30.4
4932.0,18.0,2.8,26.1,1.0,5.4,14.5
11137.0,24.0,4.5,30.2,1.1,12.6,18.8
20337.0,18.0,0.4,29.7,1.25,31.1,21.9
5448.0,25.0,14.0,20.5,1.0,37.1,24.9
7272.0,19.0,7.0,24.4,1.0,46.2,22.4
18611.0,15.0,4.4,26.6,1.0,36.7,21.6
18560.0,21.0,8.8,17.8,1.25,35.2,26.5
16746.0,15.0,0.4,30.3,1.5,22.7,18.7
17960.0,17.0,3.2,28.5,1.1,5.1,16.6
14482.0,22.0,5.0,20.0,1.0,10.4,20.2
7791.0,16.0,8.8,32.4,1.0,29.1,21.8
9951.0,21.0,7.7,34.3,1.0,35.4,23.0
6176.0,27.0,1.6,31.4,1.0,23.8,23.6
22894.0,22.0,14.1,28.1,1.0,37.9,23.9
15418.0,21.0,0.7,33.5,1.0,28.5,21.2
11219.0,17.0,10.4,34.1,1.1,8.3,18.2
12626.0,22.0,17.7,31.8,1.0,13.6,24.0
23787.0,23.0,1.0,25.1,1.0,42.8,28.6
5527.0,12.0,6.4,31.7,1.0,37.6,13.7
15483.0,17.0,0.2,37.2,1.25,45.3,27.4
13635.0,22.0,2.6,26.4,1.1,10.3,15.4
16063.0,11.0,3.6,42.6,1.0,49.6,22.4
2416.0,29.0,4.3,26.8,1.0,14.4,23.2
22058.0,22.0,13.7,30.2,1.0,5.5,21.3
23438.0,16.0,5.6,26.0,1.25,49.9,23.6
14998.0,23.0,3.3,31.3,1.0,17.6,23.7
18022.0,17.0,8.3,19.5,1.0,35.1,18.4
23217.0,11.0,15.0,26.7,1.0,13.0,12.6
18266.0,14.0,0.1,23.4,1.0,31.1,15.5
5508.0,23.0,20.2,30.8,1.1,45.7,25.6
15254.0,19.0,0.5,36.0,1.0,19.4,19.2
15954.0,19.0,8.4,33.9,1.0,35.2,26.6
11755.0,16.0,1.6,15.8,1.0,13.5,20.4
18938.0,17.0,0.7,42.3,1.0,33.1,21.5
23490.0,21.0,2.9,31.8,1.5,20.1,25.4
23288.0,17.0,5.2,25.3,1.0,14.5,17.7
12369.0,21.0,2.4,30.9,1.25,19.1,21.8
4604.0,22.0,0.3,31.1,1.1,13.0,18.1
24651.0,16.0,4.6,26.0,1.0,45.6,23.2
21294.0,23.0,11.6,31.2,1.0,22.9,25.0
4867.0,17.0,2.4,26.4,1.0,16.0,14.6
23179.0,21.0,1.2,27.6,1.1,25.2,22.1
22007.0,30.0,2.9,25.9,1.0,19.4,26.9
13933.0,16.0,0.2,21.4,1.0,38.5,21.7
15599.0,23.0,8.6,30.9,1.0,48.7,26.1
11177.0,19.0,8.8,33.5,1.1,24.7,20.9
3259.0,21.0,4.4,33.1,1.0,43.7,28.4
9709.0,19.0,2.2,34.9,1.0,30.5,23.3
20465.0,15.0,8.0,31.9,1.0,12.1,18.4
2106.0,36.0,4.0,26.8,1.0,36.1,33.1
9670.0,13.0,8.7,35.0,1.1,28.1,18.3
11157.0,27.0,5.0,21.9,1.0,34.3,29.3
14360.0,17.0,7.7,24.6,1.1,45.0,27.0
23156.0,23.0,4.6,24.2,1.0,24.8,19.6
9965.0,21.0,2.7,36.5,1.0,45.6,22.9
9979.0,22.0,15.8,35.7,1.0,38.8,29.0
18962.0,23.0,3.9,32.9,1.0,27.0,23.2
12401.0,16.0,4.6,36.4,1.0,32.1,18.5
7165.0,23.0,1.2,24.7,1.0,19.7,18.2
12406.0,16.0,4.9,32.1,1.0,49.3,21.7
5239.0,17.0,4.2,29.2,1.0,35.0,17.0
6056.0,11.0,1.0,35.1,1.0,7.0,14.4
13462.0,23.0,0.3,29.3,1.25,19.7,22.1
11635.0,22.0,4.6,27.7,1.0,33.0,23.4
23041.0,24.0,7.2,33.2,1.0,7.5,22.5
10335.0,28.0,3.7,35.3,1.0,6.1,24.5
15353.0,16.0,1.3,26.0,1.1,25.3,20.0
16542.0,23.0,5.5,29.6,1.1,20.0,24.6
2301.0,20.0,0.4,23.6,1.0,24.7,17.9
17261.0,18.0,2.9,15.0,1.25,16.8,17.9
6094.0,21.0,0.9,31.2,1.0,12.4,19.4
24104.0,17.0,1.0,33.7,1.0,36.0,20.5
5419.0,27.0,1.1,31.6,1.25,28.2,26.7
11536.0,24.0,2.4,18.3,1.25,14.0,22.3
3963.0,22.0,0.3,27.9,1.0,19.4,21.2
24928.0,23.0,2.5,16.7,1.25,31.6,22.8
13550.0,19.0,3.6,38.2,1.0,8.3,18.7
15693.0,29.0,3.3,23.5,1.25,11.6,24.4
3542.0,25.0,2.4,37.5,1.0,8.3,21.9
19249.0,19.0,9.1,35.7,1.0,41.6,26.4
6827.0,17.0,0.8,24.6,1.0,38.9,23.5
22655.0,11.0,3.5,23.2,1.0,38.9,20.4
6718.0,28.0,0.3,32.1,1.0,37.2,30.5
6385.0,24.0,0.4,24.9,1.0,35.1,27.3
2840.0,22.0,4.3,30.6,1.0,26.5,22.1
12857.0,15.0,4.2,27.1,1.0,33.9,18.9
14991.0,12.0,10.5,19.3,1.0,6.7,14.0
3511.0,22.0,4.1,16.6,1.0,33.0,24.2
19837.0,25.0,16.1,31.4,1.0,40.0,28.5
12425.0,13.0,0.2,26.6,1.1,27.5,17.0
14060.0,17.0,0.5,26.7,1.25,21.1,18.3
12137.0,20.0,0.2,34.2,1.1,17.5,17.6
11217.0,18.0,1.0,37.0,1.0,33.9,23.7
14871.0,30.0,3.9,28.4,1.1,36.2,30.7
5570.0,18.0,5.2,28.0,1.0,44.2,26.6
6184.0,13.0,0.2,33.0,1.0,20.4,10.8
21821.0,21.0,14.6,21.9,1.0,39.6,25.0
23760.0,22.0,9.2,31.3,1.1,30.3,25.3
10586.0,19.0,1.8,33.3,1.0,44.7,25.9
8227.0,15.0,0.4,34.1,1.0,28.8,18.2
16811.0,15.0,0.9,18.4,1.0,28.3,18.2
11400.0,16.0,0.7,25.4,1.25,31.0,17.7
2583.0,15.0,0.7,24.7,1.0,38.7,16.2
5591.0,23.0,3.7,30.6,1.0,48.4,27.4
18467.0,20.0,1.4,32.9,1.0,8.3,14.9
17155.0,12.0,2.2,39.0,1.0,7.4,11.4
2623.0,16.0,22.8,27.0,1.0,47.2,24.6
7105.0,13.0,5.8,27.0,1.0,28.8,14.2
7314.0,20.0,14.9,36.9,1.25,32.7,28.4
17453.0,16.0,0.8,31.8,1.0,26.7,20.7
2453.0,18.0,2.4,37.6,1.0,9.2,12.5
4394.0,22.0,4.0,31.7,1.0,39.6,22.5
20398.0,19.0,0.4,23.1,1.0,38.6,18.1
6106.0,20.0,0.0,22.0,1.0,19.0,16.7
17013.0,23.0,5.5,20.7,1.0,18.8,23.4
7478.0,20.0,5.1,34.0,1.0,42.7,23.3
4287.0,26.0,2.6,37.1,1.1,8.3,22.3
7592.0,20.0,3.4,41.1,1.0,44.6,22.0
18612.0,21.0,2.7,35.1,1.0,16.5,21.9
21681.0,18.0,0.1,37.0,1.1,31.7,20.9
21095.0,23.0,2.0,26.5,1.0,47.1,27.5
11135.0,18.0,1.0,23.1,1.1,35.5,21.2
17365.0,16.0,0.5,35.1,1.0,23.6,15.3
6714.0,19.0,15.7,32.5,1.0,36.0,20.9
8742.0,24.0,4.6,30.6,1.1,20.5,24.6
22615.0,20.0,6.5,32.3,1.0,17.5,21.1
2299.0,22.0,1.9,31.9,1.0,49.9,28.1
3966.0,16.0,2.5,37.7,1.1,38.8,21.8
6781.0,23.0,1.4,37.8,1.0,34.0,24.7
2610.0,25.0,0.5,33.3,1.0,21.0,18.8
6173.0,18.0,1.0,35.1,1.0,7.2,14.6
15409.0,19.0,8.0,33.1,1.1,6.4,17.2
11692.0,19.0,5.7,27.2,1.25,29.9,26.3
22531.0,18.0,4.0,34.5,1.0,39.3,24.6
20801.0,27.0,3.2,21.6,1.0,29.2,29.9
9861.0,18.0,12.8,36.3,1.25,42.8,27.5
7966.0,33.0,0.4,22.8,1.0,6.5,23.7
10732.0,22.0,1.6,31.7,1.0,21.5,21.2
15576.0,18.0,2.2,24.9,1.1,15.7,18.0
8165.0,21.0,7.6,33.3,1.1,25.1,20.3
16355.0,16.0,24.5,29.8,1.25,8.3,16.7
11416.0,18.0,1.4,20.4,1.0,47.9,22.9
14697.0,18.0,10.4,32.5,1.0,15.0,21.5
12030.0,23.0,8.9,26.5,1.0,46.5,23.3
8772.0,23.0,1.3,35.3,1.0,24.2,24.7
23814.0,16.0,2.5,30.0,1.0,49.3,21.4
19562.0,20.0,2.6,32.4,1.1,29.9,20.0
5222.0,24.0,19.1,24.3,1.0,46.9,31.3
21974.0,21.0,1.0,26.5,1.1,5.2,19.2
13210.0,24.0,8.0,27.2,1.0,38.7,29.1
22574.0,24.0,2.0,35.1,1.0,45.6,30.1
20396.0,24.0,6.6,40.1,1.0,11.3,26.6
11779.0,14.0,2.7,25.2,1.0,9.3,14.1
2516.0,22.0,4.3,36.5,1.0,24.1,21.3
8179.0,15.0,8.9,17.0,1.5,47.0,27.0
14457.0,26.0,8.2,22.8,1.1,29.4,29.3
16569.0,27.0,10.1,24.2,1.0,28.7,25.6
7931.0,21.0,0.3,21.9,1.0,11.4,16.3
5205.0,26.0,5.9,20.5,1.5,5.0,20.2
21203.0,22.0,0.8,32.5,1.0,41.5,21.5
24641.0,20.0,2.7,28.7,1.0,8.9,18.4
14090.0,17.0,4.0,32.3,1.0,33.5,16.7
5948.0,17.0,2.6,34.1,1.5,46.2,27.1
8263.0,16.0,3.7,31.6,1.0,14.4,17.1
2422.0,27.0,28.3,33.9,1.0,34.9,28.9
23028.0,15.0,0.7,29.6,1.5,8.5,18.3
4708.0,23.0,5.6,22.9,1.0,32.2,20.7
15259.0,25.0,2.5,36.3,1.0,12.4,24.5
8303.0,24.0,0.7,26.5,1.0,38.1,26.5
14746.0,23.0,0.9,24.4,1.25,18.6,18.6
16982.0,29.0,14.9,28.9,1.0,25.9,34.0
21084.0,18.0,10.6,24.5,1.8,32.0,26.9
6747.0,15.0,11.9,27.5,1.0,12.7,13.3
2252.0,16.0,23.9,32.1,1.0,38.4,19.3
5148.0,17.0,1.2,32.1,1.8,18.6,18.9
22700.0,24.0,2.2,24.6,1.0,34.8,25.6
22099.0,13.0,5.5,27.1,1.0,12.1,14.2
15740.0,18.0,3.3,36.4,1.0,36.0,21.5
15811.0,16.0,2.7,33.0,1.0,10.8,16.5
17295.0,26.0,2.2,42.5,1.0,24.1,25.1
6033.0,16.0,4.5,37.1,1.0,16.1,12.3
23031.0,11.0,4.3,36.9,1.0,38.7,18.2
11631.0,23.0,0.9,21.7,1.1,16.8,16.1
10812.0,16.0,3.2,34.6,1.0,44.7,22.5
13935.0,19.0,4.0,29.7,1.8,45.1,29.2
3080.0,24.0,4.2,26.7,1.0,13.8,20.6
5824.0,17.0,1.2,31.0,1.0,32.6,21.8
18974.0,16.0,6.8,35.7,1.0,8.9,14.0
3904.0,24.0,0.1,33.0,1.0,22.6,24.1
15872.0,24.0,2.2,24.7,1.0,37.1,24.9
7643.0,25.0,7.6,34.5,1.1,34.7,30.6
10953.0,21.0,4.1,26.2,1.25,33.1,23.6
8639.0,26.0,1.5,31.3,1.5,17.7,22.8
10180.0,24.0,5.9,28.2,1.0,22.0,24.1
18538.0,23.0,4.2,28.7,1.25,9.6,19.6
8833.0,16.0,8.0,34.6,1.0,37.4,19.1
15027.0,18.0,6.6,23.8,1.0,27.7,19.2
12949.0,24.0,4.7,41.7,1.25,36.9,28.7
17264.0,21.0,3.3,19.1,1.0,16.2,22.4
23547.0,19.0,0.7,26.4,1.0,19.6,15.3
18849.0,22.0,1.5,32.2,1.0,20.0,21.4
6943.0,29.0,2.7,33.5,1.0,6.2,24.0
2717.0,20.0,4.6,29.4,1.1,20.3,19.6
8032.0,23.0,3.6,29.7,1.0,41.1,28.0
15686.0,17.0,1.7,32.5,1.8,45.4,29.8
3182.0,22.0,0.0,28.6,1.0,28.3,21.0
13416.0,15.0,3.4,38.4,1.0,25.5,19.1
15727.0,19.0,1.7,35.0,1.0,6.4,16.7
9687.0,25.0,6.6,35.2,1.0,44.6,27.7
19730.0,21.0,0.1,24.2,1.0,5.6,18.4
4451.0,31.0,4.4,29.5,1.1,47.5,31.7
3728.0,20.0,14.2,28.2,1.25,27.0,21.5
18748.0,15.0,1.0,24.0,1.5,20.4,17.2
13396.0,17.0,3.2,32.2,1.1,46.6,26.5
17833.0,21.0,0.5,26.8,1.25,6.1,11.3
12001.0,18.0,4.9,33.9,1.0,31.2,21.6
7667.0,12.0,4.0,23.6,1.1,29.7,16.1
20839.0,22.0,2.6,40.3,1.0,14.9,18.0
20386.0,15.0,3.7,24.6,1.0,24.3,18.1
17978.0,17.0,11.3,31.3,1.0,34.4,22.7
8259.0,27.0,1.1,34.8,1.0,37.7,28.9
15575.0,25.0,0.1,26.6,1.0,5.0,14.5
10302.0,18.0,9.9,35.1,1.5,47.2,32.0
4106.0,12.0,4.3,22.6,1.0,12.4,10.3
23098.0,12.0,11.1,38.7,1.0,15.5,16.9
5146.0,16.0,4.5,30.1,1.0,16.9,17.0
23855.0,17.0,8.3,26.4,1.0,6.7,14.4
12258.0,15.0,2.8,28.2,1.0,10.5,15.2
4984.0,2.0,2.9,26.8,1.0,2.0,8.5
4984.0,3.0,0.7,27.0,1.0,1.0,7.5
4984.0,4.0,3.0,26.5,1.0,1.3,8.4
4984.0,5.0,0.2,26.6,1.0,1.2,8.6
12618.0,39.0,3.6,24.6,1.0,39.0,77.1
12618.0,77.0,1.0,24.9,1.0,38.0,96.5
6793.0,2.0,0.0,26.2,1.0,2.0,8.2
6793.0,8.0,0.0,27.0,1.0,6.0,16.7
6793.0,10.0,3.6,27.0,1.0,3.3,13.0
6793.0,11.0,2.1,24.5,1.0,2.8,12.1
15286.0,63.0,2.4,24.9,1.0,63.0,121.3
15286.0,113.0,0.6,27.3,1.0,50.0,131.8
17376.0,60.0,2.4,28.4,1.0,60.0,115.9
8581.0,19.0,0.0,28.3,1.0,19.0,39.6
8581.0,43.0,1.3,27.1,1.0,24.0,59.5
8581.0,62.0,3.6,28.0,1.0,20.7,63.7
8581.0,81.0,0.2,26.2,1.0,20.2,73.8
8581.0,108.0,2.9,28.5,1.0,21.6,99.3
8581.0,111.0,2.8,25.2,1.2,18.5,70.7
19075.0,53.0,2.5,28.0,1.0,53.0,102.9
9703.0,11.0,1.5,27.1,1.0,11.0,25.0
9703.0,31.0,0.6,27.0,1.0,20.0,47.6
9703.0,52.0,3.9,25.8,1.0,17.3,61.0
9703.0,64.0,4.5,27.0,1.0,16.0,56.0
9703.0,72.0,1.1,25.1,1.0,14.4,54.6
9703.0,80.0,2.6,27.8,1.2,13.3,60.1
6454.0,1.0,1.7,27.1,1.0,1.0,6.6
16624.0,68.0,4.5,26.0,1.0,68.0,130.8
7672.0,9.9,2.9,26.8,1.0,8.8,18.8
7672.0,12.5,0.7,27.0,1.0,5.5,16.9
7672.0,14.5,3.0,26.5,1.0,6.8,18.2
7672.0,16.1,0.2,26.6,1.0,6.5,18.8
16442.0,33.2,3.6,24.6,1.0,29.5,52.0
16442.0,39.2,1.0,24.9,1.0,29.3,54.9
16442.0,44.8,0.3,26.5,1.0,31.1,62.1
16442.0,48.0,1.8,25.8,1.0,31.7,63.4
16442.0,49.8,4.4,27.6,1.0,31.5,62.6
16442.0,50.7,3.5,26.7,1.2,30.9,59.1
9831.0,9.9,0.0,26.2,1.0,8.8,18.5
9831.0,19.8,0.0,27.0,1.0,15.6,30.6
9831.0,21.6,3.6,27.0,1.0,11.7,25.4
9831.0,22.4,2.1,24.5,1.0,10.6,22.5
19054.0,37.4,2.4,24.9,1.0,33.3,57.8
19054.0,42.6,0.6,27.3,1.0,31.5,58.7
19054.0,46.0,4.1,26.4,1.0,32.2,61.3
19054.0,48.5,1.9,26.0,1.0,32.1,62.5
19054.0,50.9,1.9,26.8,1.0,32.5,65.9
19054.0,52.0,3.1,26.1,1.2,32.0,62.3
27690.0,43.7,0.0,25.6,1.0,38.9,66.5
27690.0,53.2,0.9,27.4,1.0,43.9,76.8
27690.0,57.4,0.0,26.4,1.0,42.3,78.2
27690.0,60.0,0.0,25.4,1.0,42.7,80.2
27690.0,60.0,2.5,25.9,1.0,43.0,81.0
27690.0,60.0,0.0,27.1,1.2,42.3,73.9
38793.0,59.8,2.3,27.6,1.1,53.1,83.6
38793.0,60.0,4.2,24.9,1.1,54.5,84.0
38793.0,60.0,0.0,26.6,1.1,54.3,83.5
38793.0,60.0,0.0,24.7,1.1,54.4,83.5
38793.0,60.0,2.3,25.5,1.1,54.3,83.7
38793.0,60.0,3.6,27.9,1.3,53.7,84.8
27794.0,48.3,0.0,24.7,1.0,42.9,72.9
27794.0,56.4,0.0,28.3,1.0,46.0,80.4
27794.0,60.0,0.8,27.9,1.1,45.5,83.6
27794.0,60.0,3.9,26.9,1.0,45.7,83.1
27794.0,60.0,1.2,28.4,1.0,45.5,81.4
27794.0,60.0,0.7,26.8,1.2,44.8,77.2
21034.0,37.0,2.4,28.4,1.0,32.9,57.3
21034.0,45.2,0.0,25.9,1.0,36.1,64.7
21034.0,48.2,2.4,25.7,1.0,34.1,63.3
21034.0,50.6,0.3,28.5,1.0,34.0,65.1
21034.0,52.8,0.1,27.3,1.0,34.2,67.9
21034.0,53.6,3.2,26.0,1.2,33.5,62.8
12504.0,27.0,0.0,28.3,1.0,24.0,42.7
12504.0,34.1,1.3,27.1,1.0,25.8,48.5
12504.0,37.3,3.6,28.0,1.0,24.6,48.8
12504.0,39.7,0.2,26.2,1.0,24.5,49.7
12504.0,42.2,2.9,28.5,1.0,24.9,54.1
12504.0,42.5,2.8,25.2,1.2,23.8,39.9
47608.0,60.0,1.7,26.8,1.1,54.9,83.7
47608.0,60.0,0.0,28.3,1.1,55.0,83.5
47608.0,60.0,1.0,27.5,1.1,55.0,83.6
47608.0,60.0,0.6,28.4,1.1,55.0,83.5
47608.0,60.0,0.7,24.5,1.1,55.0,83.6
47608.0,60.0,0.0,26.5,1.3,55.0,84.4
45470.0,60.0,0.2,28.3,1.1,55.0,83.5
45470.0,60.0,3.4,25.0,1.1,55.0,83.9
45470.0,60.0,0.0,26.5,1.1,55.0,83.5
45470.0,60.0,4.0,27.6,1.1,55.0,83.9
45470.0,60.0,1.9,27.9,1.1,55.0,83.7
45470.0,60.0,3.5,27.3,1.3,55.0,84.8
37245.0,56.4,3.9,24.8,1.1,50.1,81.9
37245.0,60.0,1.3,25.6,1.1,52.5,83.6
37245.0,60.0,2.7,27.4,1.1,51.7,83.8
37245.0,60.0,0.0,25.8,1.1,51.6,83.5
37245.0,60.0,2.9,26.9,1.1,51.7,83.8
37245.0,60.0,1.8,26.8,1.2,51.0,84.0
22613.0,35.9,2.5,28.0,1.0,31.9,55.7
22613.0,44.8,0.6,27.2,1.0,36.2,64.5
22613.0,48.4,0.0,25.2,1.0,34.3,64.6
22613.0,51.1,0.3,24.9,1.0,34.4,66.5
22613.0,54.1,1.7,25.5,1.0,35.3,71.5
22613.0,55.2,1.6,25.2,1.2,34.8,67.1
40528.0,57.0,1.8,26.0,1.1,50.6,82.0
40528.0,60.0,0.0,27.8,1.1,53.6,83.5
40528.0,60.0,1.6,28.4,1.1,52.2,83.7
40528.0,60.0,0.0,28.4,1.1,52.3,83.5
40528.0,60.0,0.5,25.6,1.1,52.4,83.5
40528.0,60.0,3.4,26.0,1.2,51.7,84.3
45492.0,60.0,1.3,26.6,1.1,55.0,83.6
45492.0,60.0,4.2,25.5,1.1,55.0,84.0
45492.0,60.0,0.0,28.3,1.1,55.0,83.5
45492.0,60.0,3.4,28.0,1.1,55.0,83.9
45492.0,60.0,1.7,27.1,1.1,55.0,83.7
45492.0,60.0,2.2,25.0,1.3,55.0,84.6
31698.0,50.5,0.0,25.1,1.0,44.9,76.0
31698.0,57.0,1.8,26.5,1.0,45.4,80.3
31698.0,60.0,0.0,27.4,1.0,44.9,80.8
31698.0,60.0,4.4,26.0,1.0,45.1,82.7
31698.0,60.0,0.0,28.5,1.0,45.1,81.2
31698.0,60.0,1.6,27.1,1.2,44.5,78.5
13621.0,22.4,1.5,27.1,1.0,19.9,36.4
13621.0,31.2,0.6,27.0,1.0,24.4,45.5
13621.0,35.7,3.9,25.8,1.0,23.3,48.8
13621.0,37.6,4.5,27.0,1.0,22.7,45.9
13621.0,38.6,1.1,25.1,1.0,21.9,43.0
13621.0,39.6,2.6,27.8,1.2,21.3,44.6
7929.0,6.2,1.7,27.1,1.0,5.5,13.5
35379.0,58.9,1.8,25.6,1.1,52.4,83.1
35379.0,60.0,3.2,27.4,1.1,55.0,83.8
35379.0,60.0,2.5,26.6,1.1,55.0,83.7
35379.0,60.0,4.0,25.7,1.1,55.0,83.9
35379.0,60.0,2.9,25.6,1.1,55.0,83.8
35379.0,60.0,0.7,26.3,1.3,54.8,84.4
20024.0,38.1,4.5,26.0,1.0,33.9,59.0
20024.0,47.7,0.0,25.0,1.0,39.1,68.9
20024.0,51.3,2.4,27.0,1.0,36.9,68.9
20024.0,54.1,2.1,25.8,1.0,37.1,71.2
20024.0,55.7,2.0,28.0,1.0,36.7,69.6
20024.0,56.5,0.0,26.5,1.2,36.0,66.7
